num_agents,num_roads,num_envs,time_to_reset,time_to_step,fps,afps,exec_mode,datasetInitOptions
78,1257,1,7.310009095817804e-07,0.17152890999568626,530.5228139226707,41380.77948596831,CUDA,FirstN
78,1257,1,7.21978722140193e-07,0.17148564901435748,530.656649830687,41391.21868679359,CUDA,FirstN
78,1257,1,7.00994860380888e-07,0.1719616809859872,529.1876624968293,41276.63767475268,CUDA,FirstN
78,1257,1,7.220078259706497e-07,0.17159411398461089,530.321220739315,41365.055217666566,CUDA,FirstN
78,1257,1,1.1119991540908813e-06,0.17161504499381408,530.2565401726878,41360.010133469645,CUDA,FirstN
78,1257,1,7.20989191904664e-07,0.17153786701965146,530.4951121350658,41378.61874653513,CUDA,FirstN
78,1257,1,1.2320233508944511e-06,0.17146275599952787,530.7275009638278,41396.745075178565,CUDA,FirstN
78,1257,1,1.0720104910433292e-06,0.17149007800617255,530.642944816461,41390.149695683955,CUDA,FirstN
78,1257,1,1.101987436413765e-06,0.17151936297887005,530.5523435928953,41383.08280024584,CUDA,FirstN
78,1257,1,1.0319927241653204e-06,0.17247215000679716,527.6214159585398,41154.470444766106,CUDA,FirstN
78,1257,1,9.41974576562643e-07,0.17242498000268824,527.7657564384305,41165.72900219758,CUDA,FirstN
78,1257,1,6.610061973333359e-07,0.17259826898225583,527.2358786480956,41124.39853455146,CUDA,FirstN
78,1257,1,1.1319934856146574e-06,0.18121054500807077,502.1782810484182,39169.90592177662,CUDA,FirstN
78,1257,1,8.20989953354001e-07,0.1723283769970294,528.0616088061263,41188.80548687785,CUDA,FirstN
78,1257,1,1.221982529386878e-06,0.17234354600077495,528.0151308920545,41185.18020958025,CUDA,FirstN
78,1257,1,1.2920063454657793e-06,0.17233870600466616,528.0299597789491,41186.33686275803,CUDA,FirstN
78,1257,1,8.619972504675388e-07,0.172258694015909,528.2752230293565,41205.46739628981,CUDA,FirstN
78,1257,1,8.20989953354001e-07,0.17245842298143543,527.6634125884118,41157.746181896124,CUDA,FirstN
78,1257,1,7.110065780580044e-07,0.17249829901265912,527.5414338626133,41148.231841283836,CUDA,FirstN
78,1257,1,6.720074452459812e-07,0.17227815199294128,528.2155569194202,41200.81343971478,CUDA,FirstN
78,1257,2,8.720089681446552e-07,0.18691915698582307,973.6829704073823,75947.27169177582,CUDA,FirstN
78,1257,2,6.810005288571119e-07,0.1869060029857792,973.7514958995058,75952.61668016146,CUDA,FirstN
78,1257,2,7.420021574944258e-07,0.18692476901924238,973.6537375700306,75944.99153046239,CUDA,FirstN
78,1257,2,1.0319927241653204e-06,0.18679626600351185,974.3235445433279,75997.23647437958,CUDA,FirstN
78,1257,2,9.420036803930998e-07,0.186762800993165,974.4981282790928,76010.85400576924,CUDA,FirstN
78,1257,2,1.1119991540908813e-06,0.1870081469824072,973.219632068338,75911.13130133036,CUDA,FirstN
78,1257,2,7.310009095817804e-07,0.18688409100286663,973.8656673414126,75961.52205263019,CUDA,FirstN
78,1257,2,6.409827619791031e-07,0.18684704098268412,974.0587757922625,75976.58451179648,CUDA,FirstN
78,1257,2,6.820191629230976e-07,0.18711004999931902,972.6896016577538,75869.78892930479,CUDA,FirstN
78,1257,2,1.3319950085133314e-06,0.18710899801226333,972.695070432003,75870.21549369623,CUDA,FirstN
78,1257,2,5.809997674077749e-07,0.18702045100508258,973.1556042234861,75906.13712943191,CUDA,FirstN
78,1257,2,1.0319927241653204e-06,0.18687678797869012,973.9037253827039,75964.4905798509,CUDA,FirstN
78,1257,2,7.509952411055565e-07,0.1869909479864873,973.3091465644211,75918.11343202484,CUDA,FirstN
78,1257,2,9.709910955280066e-07,0.1868677560123615,973.9507975252858,75968.1622069723,CUDA,FirstN
78,1257,2,1.0210205800831318e-06,0.18691288397531025,973.7156483233161,75949.82056921866,CUDA,FirstN
78,1257,2,8.220085874199867e-07,0.18691487002070062,973.705302204387,75949.01357194218,CUDA,FirstN
78,1257,2,1.001986674964428e-06,0.18692037198343314,973.6766413889374,75946.77802833711,CUDA,FirstN
78,1257,2,6.00994098931551e-07,0.18692810100037605,973.6363822560519,75943.63781597205,CUDA,FirstN
78,1257,2,7.919734343886375e-07,0.1869281539984513,973.6361062095967,75943.61628434855,CUDA,FirstN
78,1257,2,6.00994098931551e-07,0.1869214549951721,973.6709999646686,75946.33799724415,CUDA,FirstN
78,1257,3,8.519855327904224e-07,0.24225441698217764,1126.914437312754,87899.32611039482,CUDA,FirstN
78,1257,3,1.1319934856146574e-06,0.24237915500998497,1126.334481976198,87854.08959414344,CUDA,FirstN
78,1257,3,8.620263542979956e-07,0.24553764902520925,1111.845784480779,86723.97118950076,CUDA,FirstN
78,1257,3,1.0020157787948847e-06,0.247874575026799,1101.3634616236238,85906.35000664266,CUDA,FirstN
78,1257,3,6.810005288571119e-07,0.24410707000060938,1118.361709062005,87232.21330683639,CUDA,FirstN
78,1257,3,1.0720104910433292e-06,0.24405164801282808,1118.6156791928333,87252.022977041,CUDA,FirstN
78,1257,3,1.0619987733662128e-06,0.24391418998129666,1119.2460759291357,87301.19392247258,CUDA,FirstN
78,1257,3,7.420021574944258e-07,0.24180696700932458,1128.9997280743055,88061.97878979583,CUDA,FirstN
78,1257,3,1.0519870556890965e-06,0.24332756400690414,1121.94440902821,87511.66390420038,CUDA,FirstN
78,1257,3,1.012027496472001e-06,0.24557395902229473,1111.681389536972,86711.1483838838,CUDA,FirstN
78,1257,3,8.320203050971031e-07,0.2428631420189049,1124.0898793063839,87679.01058589794,CUDA,FirstN
78,1257,3,6.819900590926409e-07,0.24362117299460806,1120.5922565935687,87406.19601429836,CUDA,FirstN
78,1257,3,1.0519870556890965e-06,0.24437699100235477,1117.1264482807608,87135.86296589934,CUDA,FirstN
78,1257,3,9.41974576562643e-07,0.24225335699156858,1126.9193681782563,87899.71071790399,CUDA,FirstN
78,1257,3,1.2620002962648869e-06,0.24284131699823774,1124.1909052979693,87686.8906132416,CUDA,FirstN
78,1257,3,8.820206858217716e-07,0.24377861997345462,1119.8685103300993,87349.74380574774,CUDA,FirstN
78,1257,3,6.619957275688648e-07,0.2481455770030152,1100.160652860167,85812.53092309301,CUDA,FirstN
78,1257,3,6.710179150104523e-07,0.24958861898630857,1093.7998740037729,85316.39017229428,CUDA,FirstN
78,1257,3,7.00994860380888e-07,0.24698786201770417,1105.3174749957197,86214.76304966614,CUDA,FirstN
78,1257,3,9.720097295939922e-07,0.24588912300532684,1110.256511810349,86600.00792120722,CUDA,FirstN
78,1257,4,9.909854270517826e-07,0.26261370701831765,1386.066264906007,108113.16866266856,CUDA,FirstN
78,1257,4,7.310009095817804e-07,0.2606597770063672,1396.456346968748,108923.59506356234,CUDA,FirstN
78,1257,4,5.910114850848913e-07,0.2608523770177271,1395.4252752516154,108843.171469626,CUDA,FirstN
78,1257,4,8.019851520657539e-07,0.25781946201459505,1411.8406622824855,110123.57165803386,CUDA,FirstN
78,1257,4,1.021981006488204e-06,0.25842718899366446,1408.520525326473,109864.6009754649,CUDA,FirstN
78,1257,4,9.220093488693237e-07,0.2628229419933632,1384.962808951403,108027.09909820944,CUDA,FirstN
78,1257,4,8.519855327904224e-07,0.26038368299487047,1397.9370589330315,109039.09059677646,CUDA,FirstN
78,1257,4,6.119953468441963e-07,0.26116044097580016,1393.7792363956426,108714.78043886012,CUDA,FirstN
78,1257,4,1.0420044418424368e-06,0.26221631999942474,1388.1668387413818,108277.01342182778,CUDA,FirstN
78,1257,4,6.519840098917484e-07,0.26231290999567136,1387.6556819334842,108237.14319081177,CUDA,FirstN
78,1257,4,7.319904398173094e-07,0.259258635021979,1404.0033805205424,109512.26368060231,CUDA,FirstN
78,1257,4,7.210182957351208e-07,0.26177995200851,1390.4808111056839,108457.50326624334,CUDA,FirstN
78,1257,4,5.509937182068825e-07,0.2619073099922389,1389.8046603234802,108404.76350523146,CUDA,FirstN
78,1257,4,8.709903340786695e-07,0.26159768900834024,1391.4496010260816,108533.06888003436,CUDA,FirstN
78,1257,4,9.110081009566784e-07,0.2608900149934925,1395.2239605991797,108827.46892673602,CUDA,FirstN
78,1257,4,7.310009095817804e-07,0.2609631810046267,1394.8327829187006,108796.95706765864,CUDA,FirstN
78,1257,4,6.810005288571119e-07,0.2617083810037002,1390.8610744676669,108487.16380847801,CUDA,FirstN
78,1257,4,8.819915819913149e-07,0.2598675260087475,1400.7136851248863,109255.66743974113,CUDA,FirstN
78,1257,4,6.310001481324434e-07,0.2611455679871142,1393.858616118505,108720.9720572434,CUDA,FirstN
78,1257,4,6.310001481324434e-07,0.2612873140024021,1393.1024603691765,108661.99190879577,CUDA,FirstN
78,1257,5,1.2220116332173347e-06,0.27456276601878926,1657.180274651162,129260.06142279065,CUDA,FirstN
78,1257,5,1.0520161595195532e-06,0.27557335898745805,1651.1030009279964,128786.03407238371,CUDA,FirstN
78,1257,5,9.109789971262217e-07,0.27412568099680357,1659.8225979612087,129466.16264097427,CUDA,FirstN
78,1257,5,1.1119991540908813e-06,0.27380698500201106,1661.7545384996592,129616.85400297341,CUDA,FirstN
78,1257,5,1.0220101103186607e-06,0.2758288460026961,1649.5736635012881,128666.74575310048,CUDA,FirstN
78,1257,5,9.319919627159834e-07,0.27525297200190835,1653.0248399891773,128935.93751915582,CUDA,FirstN
78,1257,5,9.520153980702162e-07,0.27419108600588515,1659.4266671026426,129435.28003400612,CUDA,FirstN
78,1257,5,1.1119991540908813e-06,0.2803557420265861,1622.9380454667214,126589.16754640426,CUDA,FirstN
78,1257,5,6.110058166086674e-07,0.27293769500101916,1667.0471258955308,130029.6758198514,CUDA,FirstN
78,1257,5,9.920040611177683e-07,0.27685079199727625,1643.4845525183705,128191.79509643289,CUDA,FirstN
78,1257,5,8.319912012666464e-07,0.27609789301641285,1647.9662160006133,128541.36484804783,CUDA,FirstN
78,1257,5,8.819915819913149e-07,0.27259525898261927,1669.1412818335587,130193.01998301757,CUDA,FirstN
78,1257,5,5.710171535611153e-07,0.2799008709844202,1625.5755060702406,126794.88947347878,CUDA,FirstN
78,1257,5,6.410118658095598e-07,0.2762350470002275,1647.1479811887348,128477.54253272132,CUDA,FirstN
78,1257,5,9.920040611177683e-07,0.2751111139950808,1653.8772039872433,129002.42191100497,CUDA,FirstN
78,1257,5,8.310016710311174e-07,0.27213960798690096,1671.9359720026523,130411.00581620687,CUDA,FirstN
78,1257,5,8.420029189437628e-07,0.2744581320148427,1657.812055557507,129309.34033348554,CUDA,FirstN
78,1257,5,8.819915819913149e-07,0.27332495199516416,1664.6851913031715,129845.44492164737,CUDA,FirstN
78,1257,5,1.0020157787948847e-06,0.275168095016852,1653.534723828119,128975.70845859329,CUDA,FirstN
78,1257,5,6.619957275688648e-07,0.2753451199969277,1652.471632709804,128892.7873513647,CUDA,FirstN
78,1257,6,7.21978722140193e-07,0.27151610900182277,2010.9304085391655,156852.5718660549,CUDA,FirstN
78,1257,6,8.119968697428703e-07,0.2693835730024148,2026.8496475659472,158094.27251014387,CUDA,FirstN
78,1257,6,8.519855327904224e-07,0.27162415999919176,2010.1304685180608,156790.17654440875,CUDA,FirstN
78,1257,6,8.119968697428703e-07,0.2706644590070937,2017.2578328272134,157346.11096052264,CUDA,FirstN
78,1257,6,9.409850463271141e-07,0.27003255000454374,2021.9784614514533,157714.31999321337,CUDA,FirstN
78,1257,6,7.220078259706497e-07,0.2697959200013429,2023.7518788174496,157852.64654776108,CUDA,FirstN
78,1257,6,9.720097295939922e-07,0.2694041650102008,2026.6947245575288,158082.18851548724,CUDA,FirstN
78,1257,6,9.019859135150909e-07,0.26916957000503317,2028.4610923507826,158219.96520336103,CUDA,FirstN
78,1257,6,8.709903340786695e-07,0.2714984540070873,2011.0611752719117,156862.7716712091,CUDA,FirstN
78,1257,6,8.00995621830225e-07,0.2703303180169314,2019.7512584060319,157540.59815567048,CUDA,FirstN
78,1257,6,9.619980119168758e-07,0.27089626001543365,2015.5317019470588,157211.47275187058,CUDA,FirstN
78,1257,6,7.119961082935333e-07,0.2715124179958366,2010.9577456172647,156854.70415814663,CUDA,FirstN
78,1257,6,7.319904398173094e-07,0.27115305498591624,2013.6228965901173,157062.58593402914,CUDA,FirstN
78,1257,6,9.010254871100187e-07,0.27017893799347803,2020.882915799973,157628.8674323979,CUDA,FirstN
78,1257,6,7.509952411055565e-07,0.27025591299752705,2020.3073225820451,157583.97116139953,CUDA,FirstN
78,1257,6,6.410118658095598e-07,0.27012969201314263,2021.2513327614329,157657.60395539177,CUDA,FirstN
78,1257,6,9.920040611177683e-07,0.2696133129938971,2025.1225502813322,157959.5589219439,CUDA,FirstN
78,1257,6,6.610061973333359e-07,0.2715043470088858,2011.017525189497,156859.36696478078,CUDA,FirstN
78,1257,6,5.510228220373392e-07,0.27120873602689244,2013.2094857956931,157030.33989206408,CUDA,FirstN
78,1257,6,1.1730007827281952e-06,0.27048916000057943,2018.565180204746,157448.0840559702,CUDA,FirstN
78,1257,7,6.610061973333359e-07,0.286715745984111,2221.71265067284,173293.58675248153,CUDA,FirstN
78,1257,7,7.020134944468737e-07,0.28519423099351116,2233.5655170194987,174218.1103275209,CUDA,FirstN
78,1257,7,7.120252121239901e-07,0.2874079869943671,2216.361509857708,172876.1977689012,CUDA,FirstN
78,1257,7,8.210190571844578e-07,0.2848755250161048,2236.06433007535,174413.0177458773,CUDA,FirstN
78,1257,7,5.910114850848913e-07,0.2868622009991668,2220.578374499226,173205.11321093963,CUDA,FirstN
78,1257,7,9.319919627159834e-07,0.2855043160088826,2231.1396510733716,174028.892783723,CUDA,FirstN
78,1257,7,7.520138751715422e-07,0.2875669760105666,2215.136135717453,172780.61858596132,CUDA,FirstN
78,1257,7,6.819900590926409e-07,0.2862257530214265,2225.5160245916622,173590.24991814967,CUDA,FirstN
78,1257,7,6.810005288571119e-07,0.2864611280092504,2223.687396704763,173447.61694297154,CUDA,FirstN
78,1257,7,9.819923434406519e-07,0.2871681980032008,2218.2121990851506,173020.55152864175,CUDA,FirstN
78,1257,7,9.119976311922073e-07,0.28625303201260976,2225.3039400887096,173573.70732691936,CUDA,FirstN
78,1257,7,7.20989191904664e-07,0.28580512301414274,2228.791399125756,173845.72913180897,CUDA,FirstN
78,1257,7,8.920032996684313e-07,0.2876736449834425,2214.3147664314665,172716.5517816544,CUDA,FirstN
78,1257,7,9.220093488693237e-07,0.2850960870273411,2234.3344191143206,174278.084690917,CUDA,FirstN
78,1257,7,6.409827619791031e-07,0.2843846680189017,2239.923848347765,174714.0601711257,CUDA,FirstN
78,1257,7,9.409850463271141e-07,0.28595556601067074,2227.6188181496336,173754.26781567142,CUDA,FirstN
78,1257,7,6.610061973333359e-07,0.2846311350003816,2237.984259870748,174562.77226991832,CUDA,FirstN
78,1257,7,7.41973053663969e-07,0.2848376949841622,2236.3613075699795,174436.1819904584,CUDA,FirstN
78,1257,7,8.619972504675388e-07,0.28558969000005163,2230.4726756763694,173976.86870275682,CUDA,FirstN
78,1257,7,7.010239642113447e-07,0.28631359298015013,2224.8332444494267,173536.99306705527,CUDA,FirstN
78,1257,8,6.20988430455327e-07,0.2793966479948722,2605.614652948024,203237.94292994586,CUDA,FirstN
78,1257,8,7.720082066953182e-07,0.27963445900240913,2603.3987463387984,203065.10221442627,CUDA,FirstN
78,1257,8,6.909831427037716e-07,0.2792860160116106,2606.646800281383,203318.45042194787,CUDA,FirstN
78,1257,8,9.119976311922073e-07,0.2791581040073652,2607.84118228856,203411.61221850768,CUDA,FirstN
78,1257,8,6.920017767697573e-07,0.28178243001457304,2583.55355925616,201517.1776219805,CUDA,FirstN
78,1257,8,1.0020157787948847e-06,0.27753963600844145,2623.048766907865,204597.80381881347,CUDA,FirstN
78,1257,8,8.810020517557859e-07,0.2811909779848065,2588.9877591994996,201941.04521756095,CUDA,FirstN
78,1257,8,8.619972504675388e-07,0.2774793900025543,2623.618280238033,204642.22585856658,CUDA,FirstN
78,1257,8,7.720082066953182e-07,0.28226046499912627,2579.1780652039015,201175.88908590432,CUDA,FirstN
78,1257,8,1.0820222087204456e-06,0.27869619699777104,2612.1633802050856,203748.7436559967,CUDA,FirstN
78,1257,8,6.410118658095598e-07,0.28332620399305597,2569.476418841381,200419.16066962772,CUDA,FirstN
78,1257,8,7.20989191904664e-07,0.2805085930158384,2595.2859132514873,202432.30123361602,CUDA,FirstN
78,1257,8,8.910137694329023e-07,0.27848930400796235,2614.1039872008355,203900.11100166518,CUDA,FirstN
78,1257,8,7.810012903064489e-07,0.2799562540021725,2600.4062763118363,202831.68955232322,CUDA,FirstN
78,1257,8,9.520153980702162e-07,0.280705476005096,2593.465615137425,202290.31798071918,CUDA,FirstN
78,1257,8,9.720097295939922e-07,0.2784736019966658,2614.2513860567524,203911.60811242668,CUDA,FirstN
78,1257,8,1.0020157787948847e-06,0.27901382799609564,2609.189677904377,203516.7948765414,CUDA,FirstN
78,1257,8,6.110058166086674e-07,0.27928660600446165,2606.64129374099,203318.0209117972,CUDA,FirstN
78,1257,8,6.119953468441963e-07,0.2822685430001002,2579.1042539222717,201170.13180593718,CUDA,FirstN
78,1257,8,8.920032996684313e-07,0.2799048919987399,2600.8834458072897,202868.9087729686,CUDA,FirstN
78,1257,9,8.520146366208792e-07,0.31564363598590717,2594.698281946564,202386.46599183197,CUDA,FirstN
78,1257,9,6.509944796562195e-07,0.31339302798733115,2613.331908689136,203839.88887775262,CUDA,FirstN
78,1257,9,9.20990714803338e-07,0.3174514879938215,2579.9217548979955,201233.89688204366,CUDA,FirstN
78,1257,9,9.00996383279562e-07,0.312942917982582,2617.0906990954322,204133.07452944372,CUDA,FirstN
78,1257,9,9.119976311922073e-07,0.31623002397827804,2589.8869111057506,202011.17906624856,CUDA,FirstN
78,1257,9,8.720089681446552e-07,0.31563372499658726,2594.7797562153896,202392.8209848004,CUDA,FirstN
78,1257,9,9.409850463271141e-07,0.3168443330214359,2584.865546402533,201619.51261939754,CUDA,FirstN
78,1257,9,7.20989191904664e-07,0.31360249599674717,2611.586356788739,203703.73582952164,CUDA,FirstN
78,1257,9,9.509967640042305e-07,0.31635688300593756,2588.8483671291847,201930.1726360764,CUDA,FirstN
78,1257,9,6.610061973333359e-07,0.3155368309817277,2595.5765526700975,202454.9711082676,CUDA,FirstN
78,1257,9,7.819908205419779e-07,0.31702769198454916,2583.370540513903,201502.90216008443,CUDA,FirstN
78,1257,9,1.1719821486622095e-06,0.31486163698718883,2601.142545775825,202889.11857051434,CUDA,FirstN
78,1257,9,1.1230004020035267e-06,0.3169613530044444,2583.9112315642974,201545.0760620152,CUDA,FirstN
78,1257,9,8.109782356768847e-07,0.31569047601078637,2594.313298105378,202356.4372522195,CUDA,FirstN
78,1257,9,1.1320225894451141e-06,0.3165279289823957,2587.449400225123,201821.0532175596,CUDA,FirstN
78,1257,9,6.909831427037716e-07,0.31606671802001074,2591.225058843898,202115.55458982402,CUDA,FirstN
78,1257,9,5.509937182068825e-07,0.3145588139886968,2603.6466427846767,203084.4381372048,CUDA,FirstN
78,1257,9,7.00994860380888e-07,0.3144257160020061,2604.7487795011484,203170.40480108958,CUDA,FirstN
78,1257,9,7.810012903064489e-07,0.316465989977587,2587.955818121258,201860.5538134581,CUDA,FirstN
78,1257,9,1.001986674964428e-06,0.31587112799752504,2592.8295668935502,202240.70621769692,CUDA,FirstN
78,1257,10,7.020134944468737e-07,0.3252829030097928,2797.5648015309434,218210.0545194136,CUDA,FirstN
78,1257,10,7.010239642113447e-07,0.32691991300089285,2783.5563506879885,217117.3953536631,CUDA,FirstN
78,1257,10,6.210175342857838e-07,0.3241049299831502,2807.7326686987135,219003.14815849965,CUDA,FirstN
78,1257,10,1.2529781088232994e-06,0.3239135619951412,2809.3914759075456,219132.53512078855,CUDA,FirstN
78,1257,10,9.720097295939922e-07,0.32826814701547846,2772.1239732622967,216225.66991445914,CUDA,FirstN
78,1257,10,1.001986674964428e-06,0.32514738402096555,2798.7308055393214,218301.00283206708,CUDA,FirstN
78,1257,10,1.0619987733662128e-06,0.32454923598561436,2803.8888991263434,218703.3341318548,CUDA,FirstN
78,1257,10,7.109774742275476e-07,0.3263973970024381,2788.012430115068,217464.96954897532,CUDA,FirstN
78,1257,10,6.00994098931551e-07,0.32626106499810703,2789.1774337378556,217555.83983155273,CUDA,FirstN
78,1257,10,6.710179150104523e-07,0.3216387550055515,2829.261044690629,220682.36148586907,CUDA,FirstN
78,1257,10,7.110065780580044e-07,0.3231619609869085,2815.925479660227,219642.1874134977,CUDA,FirstN
78,1257,10,7.20989191904664e-07,0.3262578379944898,2789.2050213836364,217557.99166792363,CUDA,FirstN
78,1257,10,8.520146366208792e-07,0.3237017689971253,2811.2296167528248,219275.91010672034,CUDA,FirstN
78,1257,10,8.119968697428703e-07,0.3264752560062334,2787.3475347933427,217413.10771388072,CUDA,FirstN
78,1257,10,1.1319934856146574e-06,0.323158813000191,2815.9529104331195,219644.32701378333,CUDA,FirstN
78,1257,10,9.509967640042305e-07,0.3239447800151538,2809.120739520579,219111.41768260516,CUDA,FirstN
78,1257,10,1.001986674964428e-06,0.3237459610099904,2810.84587792562,219245.97847819835,CUDA,FirstN
78,1257,10,1.0110088624060154e-06,0.3234132969810162,2813.7371236576446,219471.49564529627,CUDA,FirstN
78,1257,10,9.110081009566784e-07,0.32411062699975446,2807.683316106415,218999.29865630038,CUDA,FirstN
78,1257,10,7.709895726293325e-07,0.3239285789895803,2809.26123541965,219122.3763627327,CUDA,FirstN
78,1257,11,8.00995621830225e-07,0.32769336499040946,3054.684979750188,238265.42842051468,CUDA,FirstN
78,1257,11,1.0620278771966696e-06,0.3284280970110558,3047.851292596028,237732.4008224902,CUDA,FirstN
78,1257,11,9.409850463271141e-07,0.32697848600219004,3061.363492866915,238786.35244361937,CUDA,FirstN
78,1257,11,5.809997674077749e-07,0.32850982699892484,3047.0930174130713,237673.25535821955,CUDA,FirstN
78,1257,11,7.819908205419779e-07,0.3271641739993356,3059.6259601518373,238650.8248918433,CUDA,FirstN
78,1257,11,8.910137694329023e-07,0.33059589902404696,3027.8657507702146,236173.52856007675,CUDA,FirstN
78,1257,11,9.920040611177683e-07,0.3306447289942298,3027.4185922905453,236138.65019866254,CUDA,FirstN
78,1257,11,9.21980245038867e-07,0.3290648419933859,3041.9536585440496,237272.38536643586,CUDA,FirstN
78,1257,11,6.909831427037716e-07,0.3262364069814794,3068.3270737984412,239329.51175627843,CUDA,FirstN
78,1257,11,6.620248313993216e-07,0.3277919140236918,3053.7666036742166,238193.79508658889,CUDA,FirstN
78,1257,11,9.620271157473326e-07,0.3312124400108587,3022.2294789627545,235733.89935909485,CUDA,FirstN
78,1257,11,5.820184014737606e-07,0.3248836059938185,3081.1034522285063,240326.0692738235,CUDA,FirstN
78,1257,11,6.20988430455327e-07,0.3275796480011195,3055.745392328461,238348.14060161996,CUDA,FirstN
78,1257,11,6.909831427037716e-07,0.32914379201247357,3041.2240008526883,237215.47206650968,CUDA,FirstN
78,1257,11,7.310009095817804e-07,0.3301669099892024,3031.799885799386,236480.39109235213,CUDA,FirstN
78,1257,11,8.210190571844578e-07,0.32805283000925556,3051.3377981581752,238004.34825633766,CUDA,FirstN
78,1257,11,6.710179150104523e-07,0.3260028719960246,3070.5250965157343,239500.95752822727,CUDA,FirstN
78,1257,11,7.109774742275476e-07,0.3288481349882204,3043.9582697826663,237428.74504304797,CUDA,FirstN
78,1257,11,6.509944796562195e-07,0.32935918399016373,3039.2351228010534,237060.33957848218,CUDA,FirstN
78,1257,11,5.309993866831064e-07,0.32653089897939935,3065.5598080571003,239113.66502845383,CUDA,FirstN
78,1257,12,9.019859135150909e-07,0.3257916570000816,3351.8353725053385,261443.1590554164,CUDA,FirstN
78,1257,12,9.520153980702162e-07,0.34228080199682154,3190.3629815911804,248848.31256411207,CUDA,FirstN
78,1257,12,7.019843906164169e-07,0.32161499399808235,3395.3640855640924,264838.3986739992,CUDA,FirstN
78,1257,12,7.420021574944258e-07,0.34321051198639907,3181.7207278408605,248174.21677158712,CUDA,FirstN
78,1257,12,9.119976311922073e-07,0.32372361002489924,3373.2479380049194,263113.3391643837,CUDA,FirstN
78,1257,12,6.310001481324434e-07,0.32335215399507433,3377.123011268496,263415.5948789427,CUDA,FirstN
78,1257,12,7.819908205419779e-07,0.32587589899776503,3350.9688914045446,261375.57352955447,CUDA,FirstN
78,1257,12,1.2920063454657793e-06,0.34096984000643715,3202.6292999386224,249805.08539521255,CUDA,FirstN
78,1257,12,1.2119999155402184e-06,0.32170109197613783,3394.4553725077167,264767.5190556019,CUDA,FirstN
78,1257,12,9.019859135150909e-07,0.32367708801757544,3373.7327738832882,263151.1563628965,CUDA,FirstN
78,1257,12,6.019836291670799e-07,0.32364626898197457,3374.054035706553,263176.21478511114,CUDA,FirstN
78,1257,12,9.520153980702162e-07,0.34318525600247085,3181.9548797636517,248192.48062156484,CUDA,FirstN
78,1257,12,1.0920048225671053e-06,0.3240869319997728,3369.4663134419925,262818.3724484754,CUDA,FirstN
78,1257,12,7.110065780580044e-07,0.32370941500994377,3373.3958586482745,263124.8769745654,CUDA,FirstN
78,1257,12,6.909831427037716e-07,0.3416261780075729,3196.476354267539,249325.15563286806,CUDA,FirstN
78,1257,12,9.320210665464401e-07,0.32366840698523447,3373.8232599569606,263158.21427664295,CUDA,FirstN
78,1257,12,9.819923434406519e-07,0.34111059800488874,3201.3077470678577,249702.0042712929,CUDA,FirstN
78,1257,12,1.2020173016935587e-06,0.3209481060039252,3402.419206009101,265388.69806870987,CUDA,FirstN
78,1257,12,9.819923434406519e-07,0.323290097003337,3377.771265256939,263466.1586900412,CUDA,FirstN
78,1257,12,9.920040611177683e-07,0.34194126102374867,3193.530949528077,249095.41406319002,CUDA,FirstN
78,1257,13,6.119953468441963e-07,0.3356211769860238,3524.8073754573106,274934.97528567025,CUDA,FirstN
78,1257,13,9.41974576562643e-07,0.3357193939737044,3523.7761691320693,274854.54119230143,CUDA,FirstN
78,1257,13,6.410118658095598e-07,0.33579114798340015,3523.023186002752,274795.80850821466,CUDA,FirstN
78,1257,13,1.1720112524926662e-06,0.33637263099080883,3516.9329814836356,274320.77255572355,CUDA,FirstN
78,1257,13,6.710179150104523e-07,0.33657201801543124,3514.849531982666,274158.263494648,CUDA,FirstN
78,1257,13,6.020127329975367e-07,0.3367669580038637,3512.8149359190625,273999.56500168686,CUDA,FirstN
78,1257,13,6.810005288571119e-07,0.3366964030137751,3513.551048989378,274056.9818211715,CUDA,FirstN
78,1257,13,6.310001481324434e-07,0.3368206789891701,3512.254661888017,273955.8636272653,CUDA,FirstN
78,1257,13,7.509952411055565e-07,0.33588472299743444,3522.0416976482616,274719.2524165644,CUDA,FirstN
78,1257,13,1.0020157787948847e-06,0.3349520550109446,3531.848759552603,275484.203245103,CUDA,FirstN
78,1257,13,9.619980119168758e-07,0.3364598330226727,3516.0214798070187,274249.67542494746,CUDA,FirstN
78,1257,13,9.420036803930998e-07,0.3366500230040401,3514.0351081627664,274094.73843669577,CUDA,FirstN
78,1257,13,1.1719821486622095e-06,0.33577243800391443,3523.2194966110014,274811.1207356581,CUDA,FirstN
78,1257,13,8.410133887082338e-07,0.3360744099773001,3520.0537883259394,274564.1954894233,CUDA,FirstN
78,1257,13,7.110065780580044e-07,0.33506948401918635,3530.610981966536,275387.6565933898,CUDA,FirstN
78,1257,13,6.610061973333359e-07,0.3345342790125869,3536.2594335377194,275828.2358159421,CUDA,FirstN
78,1257,13,9.610084816813469e-07,0.33494521799730137,3531.9208528289287,275489.8265206564,CUDA,FirstN
78,1257,13,1.021981006488204e-06,0.33802403599838726,3499.751124223734,272980.5876894513,CUDA,FirstN
78,1257,13,9.720097295939922e-07,0.33339072900707833,3548.3890134655885,276774.3430503159,CUDA,FirstN
78,1257,13,1.3319950085133314e-06,0.3380652129999362,3499.3248477187244,272947.3381220605,CUDA,FirstN
78,1257,14,7.310009095817804e-07,0.3387658720021136,3760.709402250683,293335.33337555325,CUDA,FirstN
78,1257,14,6.210175342857838e-07,0.3401221429812722,3745.713198302849,292165.6294676222,CUDA,FirstN
78,1257,14,1.081993104889989e-06,0.3402338149899151,3744.483775187845,292069.7344646519,CUDA,FirstN
78,1257,14,8.41973815113306e-07,0.3374762460007332,3775.0805133622116,294456.2800422525,CUDA,FirstN
78,1257,14,8.220085874199867e-07,0.3390464919793885,3757.596760734069,293092.54733725736,CUDA,FirstN
78,1257,14,8.810020517557859e-07,0.34425796402501874,3700.713224189674,288655.63148679456,CUDA,FirstN
78,1257,14,6.719783414155245e-07,0.33762999597820453,3773.3614168636905,294322.19051536784,CUDA,FirstN
78,1257,14,8.119968697428703e-07,0.3379604119982105,3769.672289329396,294034.4385676929,CUDA,FirstN
78,1257,14,9.119976311922073e-07,0.33761271499679424,3773.55455943683,294337.2556360727,CUDA,FirstN
78,1257,14,7.010239642113447e-07,0.3436900369997602,3706.8284292479766,289132.61748134217,CUDA,FirstN
78,1257,14,6.810005288571119e-07,0.3393224829924293,3754.540485395495,292854.15786084865,CUDA,FirstN
78,1257,14,9.319919627159834e-07,0.33895260901772417,3758.6375384217245,293173.7279968945,CUDA,FirstN
78,1257,14,1.0420044418424368e-06,0.3431897319969721,3712.232276259478,289554.1175482393,CUDA,FirstN
78,1257,14,6.710179150104523e-07,0.33882320998236537,3760.0729892922845,293285.6931647982,CUDA,FirstN
78,1257,14,7.420021574944258e-07,0.34306081401882693,3713.6272868812225,289662.92837673536,CUDA,FirstN
78,1257,14,9.819923434406519e-07,0.3394600529863965,3753.0189157516397,292735.4754286279,CUDA,FirstN
78,1257,14,1.1820229701697826e-06,0.3411241179856006,3734.711012294292,291307.4589589548,CUDA,FirstN
78,1257,14,1.0220101103186607e-06,0.3441574469907209,3701.7940804121235,288739.93827214563,CUDA,FirstN
78,1257,14,8.110073395073414e-07,0.33941964199766517,3753.4657467135144,292770.3282436541,CUDA,FirstN
78,1257,14,6.909831427037716e-07,0.34181270899716765,3727.187335244919,290720.61214910366,CUDA,FirstN
78,1257,15,7.710186764597893e-07,0.3542763300065417,3852.9246364689266,300528.12164457625,CUDA,FirstN
78,1257,15,7.210182957351208e-07,0.35647274399525486,3829.1847637534106,298676.411572766,CUDA,FirstN
78,1257,15,6.510235834866762e-07,0.34931451999000274,3907.653194717087,304796.94918793277,CUDA,FirstN
78,1257,15,1.1129886843264103e-06,0.3527309760102071,3869.804731752565,301844.7690767001,CUDA,FirstN
78,1257,15,1.0119983926415443e-06,0.34939553000731394,3906.747175533202,304726.27969158976,CUDA,FirstN
78,1257,15,1.1429947335273027e-06,0.3493279700051062,3907.502740132854,304785.2137303626,CUDA,FirstN
78,1257,15,7.220078259706497e-07,0.3504939599952195,3894.5036314423733,303771.2832525051,CUDA,FirstN
78,1257,15,9.310024324804544e-07,0.35652778000803664,3828.593665181521,298630.30588415865,CUDA,FirstN
78,1257,15,5.910114850848913e-07,0.352429016988026,3873.120356733784,302103.38782523514,CUDA,FirstN
78,1257,15,1.0220101103186607e-06,0.34825927001656964,3919.4936575128504,305720.50528600236,CUDA,FirstN
78,1257,15,6.920017767697573e-07,0.34803209800156765,3922.0520401364006,305920.05913063925,CUDA,FirstN
78,1257,15,8.010247256606817e-07,0.3485329060058575,3916.416431500616,305480.48165704805,CUDA,FirstN
78,1257,15,7.20989191904664e-07,0.3480345389980357,3922.0245321907664,305917.9135108798,CUDA,FirstN
78,1257,15,7.420021574944258e-07,0.35011483400012366,3898.7208408299484,304100.225584736,CUDA,FirstN
78,1257,15,6.410118658095598e-07,0.34827105700969696,3919.361004959979,305710.1583868783,CUDA,FirstN
78,1257,15,1.0730000212788582e-06,0.34900432600989006,3911.1263049539357,305067.851786407,CUDA,FirstN
78,1257,15,1.0020157787948847e-06,0.3493326879979577,3907.4499664571335,304781.0973836564,CUDA,FirstN
78,1257,15,9.220093488693237e-07,0.3516860189847648,3881.3029984542327,302741.6338794301,CUDA,FirstN
78,1257,15,8.920032996684313e-07,0.3470696939912159,3932.92766159683,306768.35760455276,CUDA,FirstN
78,1257,15,6.509944796562195e-07,0.3498019950056914,3902.2075902620018,304372.19204043614,CUDA,FirstN
78,1257,16,6.210175342857838e-07,0.35602960200048983,4089.5475876694004,318984.7118382132,CUDA,FirstN
78,1257,16,6.819900590926409e-07,0.3558493099990301,4091.6195678557547,319146.32629274885,CUDA,FirstN
78,1257,16,6.420013960450888e-07,0.35681728599593043,4080.5197986305125,318280.54429318,CUDA,FirstN
78,1257,16,7.010239642113447e-07,0.3521167899889406,4134.991688540983,322529.35170619667,CUDA,FirstN
78,1257,16,7.20989191904664e-07,0.35863198500010185,4059.872127689856,316670.0259598088,CUDA,FirstN
78,1257,16,8.920032996684313e-07,0.35252504399977624,4130.203016160532,322155.83526052145,CUDA,FirstN
78,1257,16,9.220093488693237e-07,0.3566827780159656,4082.0585958731867,318400.57047810854,CUDA,FirstN
78,1257,16,7.220078259706497e-07,0.35442413299460895,4108.072403811585,320429.6474973036,CUDA,FirstN
78,1257,16,5.610054358839989e-07,0.3537932260078378,4115.398184497021,321001.05839076766,CUDA,FirstN
78,1257,16,7.619964890182018e-07,0.3542280010005925,4110.346996531098,320607.06572942564,CUDA,FirstN
78,1257,16,5.409820005297661e-07,0.3537744499917608,4115.616602708052,321018.09501122806,CUDA,FirstN
78,1257,16,9.310024324804544e-07,0.3557980270124972,4092.20931387812,319192.3264824934,CUDA,FirstN
78,1257,16,1.0519870556890965e-06,0.35561008998774923,4094.3720130386605,319361.01701701555,CUDA,FirstN
78,1257,16,9.320210665464401e-07,0.35417082998901606,4111.01049751939,320658.8188065124,CUDA,FirstN
78,1257,16,9.819923434406519e-07,0.35565735801355913,4093.827857610333,319318.572893606,CUDA,FirstN
78,1257,16,8.720089681446552e-07,0.35576874899561517,4092.546082562033,319218.59443983855,CUDA,FirstN
78,1257,16,6.420013960450888e-07,0.3533929539844394,4120.059507649693,321364.641596676,CUDA,FirstN
78,1257,16,7.210182957351208e-07,0.35471005001454614,4104.761057489889,320171.36248421133,CUDA,FirstN
78,1257,16,6.520131137222052e-07,0.3603936769941356,4040.026484770132,315122.0658120703,CUDA,FirstN
78,1257,16,8.920032996684313e-07,0.3513399589865003,4144.134371165976,323242.4809509461,CUDA,FirstN
78,1257,17,6.310001481324434e-07,0.37972512299893424,4073.9996020867493,317771.96896276646,CUDA,FirstN
78,1257,17,1.1119991540908813e-06,0.3804253590060398,4066.5007297146017,317187.0569177389,CUDA,FirstN
78,1257,17,1.0020157787948847e-06,0.38117668402264826,4058.4853818290794,316561.8597826682,CUDA,FirstN
78,1257,17,8.619972504675388e-07,0.3816039329976775,4053.9414461679967,316207.43280110374,CUDA,FirstN
78,1257,17,9.619980119168758e-07,0.38141299100243486,4055.970919957795,316365.731756708,CUDA,FirstN
78,1257,17,9.119976311922073e-07,0.3788859290070832,4083.023098941949,318475.80171747203,CUDA,FirstN
78,1257,17,6.610061973333359e-07,0.38341780100017786,4034.7631121051745,314711.5227442036,CUDA,FirstN
78,1257,17,9.919749572873116e-07,0.38112038499093615,4059.0849005276664,316608.622241158,CUDA,FirstN
78,1257,17,7.709895726293325e-07,0.3815784420003183,4054.2122660029872,316228.556748233,CUDA,FirstN
78,1257,17,9.81002813205123e-07,0.3813527949969284,4056.611149296704,316415.6696451429,CUDA,FirstN
78,1257,17,6.819900590926409e-07,0.38549250399228185,4013.04820192035,313017.7597497873,CUDA,FirstN
78,1257,17,9.819923434406519e-07,0.3815150920127053,4054.8854616437598,316281.06600821327,CUDA,FirstN
78,1257,17,7.709895726293325e-07,0.38340383299509995,4034.9101048756897,314722.9881803038,CUDA,FirstN
78,1257,17,6.00994098931551e-07,0.38348384501296096,4034.0682407304917,314657.32277697837,CUDA,FirstN
78,1257,17,7.210182957351208e-07,0.3821841699827928,4047.7866994586693,315727.3625577762,CUDA,FirstN
78,1257,17,7.520138751715422e-07,0.38106187200173736,4059.7081830137727,316657.2382750743,CUDA,FirstN
78,1257,17,6.609770935028791e-07,0.3810240309976507,4060.1113686961608,316688.6867583005,CUDA,FirstN
78,1257,17,8.019851520657539e-07,0.38375709200045094,4031.1958586505607,314433.27697474376,CUDA,FirstN
78,1257,17,8.519855327904224e-07,0.38220383701263927,4047.578412847911,315711.116202137,CUDA,FirstN
78,1257,17,1.000997144728899e-06,0.38047088001621887,4066.014197812074,317149.10742934176,CUDA,FirstN
78,1257,18,9.409850463271141e-07,0.39019136200658977,4197.940189081727,327439.3347483747,CUDA,FirstN
78,1257,18,7.21978722140193e-07,0.39014328000484966,4198.457551235123,327479.68899633957,CUDA,FirstN
78,1257,18,6.610061973333359e-07,0.38893425700371154,4211.508681747128,328497.677176276,CUDA,FirstN
78,1257,18,5.910114850848913e-07,0.39226094499463215,4175.791704224887,325711.7529295412,CUDA,FirstN
78,1257,18,1.0919757187366486e-06,0.39193330399575643,4179.282503682655,325984.0352872471,CUDA,FirstN
78,1257,18,1.0720104910433292e-06,0.3919407269859221,4179.203351987543,325977.86145502835,CUDA,FirstN
78,1257,18,7.720082066953182e-07,0.38789029701729305,4222.843449798834,329381.789084309,CUDA,FirstN
78,1257,18,8.409842848777771e-07,0.38832355799968354,4218.131932138237,329014.2907067825,CUDA,FirstN
78,1257,18,6.920017767697573e-07,0.39100123598473147,4189.245069455391,326761.1154175205,CUDA,FirstN
78,1257,18,7.810012903064489e-07,0.391372839018004,4185.267439891629,326450.86031154706,CUDA,FirstN
78,1257,18,1.0320218279957771e-06,0.38976504100719467,4202.531852952313,327797.4845302804,CUDA,FirstN
78,1257,18,8.220085874199867e-07,0.3910237080126535,4189.004314661643,326742.3365436081,CUDA,FirstN
78,1257,18,1.0720104910433292e-06,0.38991554599488154,4200.909701665248,327670.9567298893,CUDA,FirstN
78,1257,18,5.509937182068825e-07,0.3900714819901623,4199.230335021803,327539.9661317006,CUDA,FirstN
78,1257,18,7.719791028648615e-07,0.39077704001101665,4191.64851638628,326948.58427812986,CUDA,FirstN
78,1257,18,1.0119983926415443e-06,0.38907315899268724,4210.005142068376,328380.4010813333,CUDA,FirstN
78,1257,18,7.509952411055565e-07,0.3893182430183515,4207.3548552483035,328173.6787093677,CUDA,FirstN
78,1257,18,6.319896783679724e-07,0.3891740000108257,4208.914264453524,328295.3126273749,CUDA,FirstN
78,1257,18,1.1319934856146574e-06,0.39069405099144205,4192.538882645744,327018.03284636803,CUDA,FirstN
78,1257,18,1.1230004020035267e-06,0.38983809799537994,4201.744284160272,327736.05416450126,CUDA,FirstN
78,1257,19,8.610077202320099e-07,0.4051537489867769,4267.515737726592,332866.2275426742,CUDA,FirstN
78,1257,19,6.20988430455327e-07,0.4065021160058677,4253.36039327048,331762.11067509744,CUDA,FirstN
78,1257,19,6.810005288571119e-07,0.40547400701325387,4264.145099548844,332603.3177648098,CUDA,FirstN
78,1257,19,7.410126272588968e-07,0.40467907799757086,4272.521348411243,333256.66517607693,CUDA,FirstN
78,1257,19,9.410141501575708e-07,0.40462182098417543,4273.12594213158,333303.8234862632,CUDA,FirstN
78,1257,19,1.001986674964428e-06,0.408178252982907,4235.894458768248,330399.76778392337,CUDA,FirstN
78,1257,19,7.119961082935333e-07,0.4047270900045987,4272.014507307515,333217.1315699861,CUDA,FirstN
78,1257,19,9.920040611177683e-07,0.40428387801512145,4276.6978700430145,333582.43386335514,CUDA,FirstN
78,1257,19,1.0520161595195532e-06,0.4059723499813117,4258.910736358256,332195.03743594396,CUDA,FirstN
78,1257,19,5.610054358839989e-07,0.40267691199551336,4293.764922929737,334913.66398851946,CUDA,FirstN
78,1257,19,1.0319927241653204e-06,0.4039933580206707,4279.773332094074,333822.3199033378,CUDA,FirstN
78,1257,19,1.0020157787948847e-06,0.406635497987736,4251.96523312912,331653.28818407137,CUDA,FirstN
78,1257,19,7.409835234284401e-07,0.40609451101045124,4257.629574203977,332095.1067879102,CUDA,FirstN
78,1257,19,6.920017767697573e-07,0.40833064101752825,4234.3136329212675,330276.46336785884,CUDA,FirstN
78,1257,19,7.20989191904664e-07,0.40693485501105897,4248.837322998572,331409.3111938886,CUDA,FirstN
78,1257,19,1.213018549606204e-06,0.40561744701699354,4262.63715408564,332485.6980186799,CUDA,FirstN
78,1257,19,7.609778549522161e-07,0.40358635599841364,4284.089326366613,334158.9674565958,CUDA,FirstN
78,1257,19,8.109782356768847e-07,0.4045650409825612,4273.72566794403,333350.6020996343,CUDA,FirstN
78,1257,19,9.509967640042305e-07,0.405124941986287,4267.819185663776,332889.8964817745,CUDA,FirstN
78,1257,19,6.810005288571119e-07,0.4056025790050626,4262.793407875297,332497.88581427315,CUDA,FirstN
78,1257,20,8.409842848777771e-07,0.41038581798784435,4434.851108948186,345918.3864979585,CUDA,FirstN
78,1257,20,6.810005288571119e-07,0.41201740101678297,4417.289161837766,344548.5546233458,CUDA,FirstN
78,1257,20,8.920032996684313e-07,0.4166628499806393,4368.040011449469,340707.12089305854,CUDA,FirstN
78,1257,20,6.410118658095598e-07,0.41138021400547586,4424.131103144825,345082.22604529635,CUDA,FirstN
78,1257,20,6.709888111799955e-07,0.4107122459972743,4431.326354978172,345643.45568829746,CUDA,FirstN
78,1257,20,1.012027496472001e-06,0.4109848040097859,4428.387575995788,345414.2309276715,CUDA,FirstN
78,1257,20,9.719806257635355e-07,0.4121555969759356,4415.808042772409,344433.0273362479,CUDA,FirstN
78,1257,20,9.520153980702162e-07,0.4105691790173296,4432.87049543283,345763.8986437607,CUDA,FirstN
78,1257,20,1.1220108717679977e-06,0.4101533119974192,4437.365118756988,346114.479263045,CUDA,FirstN
78,1257,20,8.709903340786695e-07,0.4122927940043155,4414.338611945155,344318.4117317221,CUDA,FirstN
78,1257,20,9.509967640042305e-07,0.41033246798906475,4435.427712847969,345963.3616021416,CUDA,FirstN
78,1257,20,7.20989191904664e-07,0.4138609160145279,4397.612650951828,343013.7867742426,CUDA,FirstN
78,1257,20,7.310009095817804e-07,0.41082859798916616,4430.071345831662,345545.56497486966,CUDA,FirstN
78,1257,20,9.319919627159834e-07,0.4111988160002511,4426.082783270681,345234.4570951131,CUDA,FirstN
78,1257,20,9.709910955280066e-07,0.41430638698511757,4392.884245024629,342644.97111192107,CUDA,FirstN
78,1257,20,8.810020517557859e-07,0.4100031890266109,4438.989863276099,346241.2093355357,CUDA,FirstN
78,1257,20,6.409827619791031e-07,0.4115343409939669,4422.474186733012,344952.98656517494,CUDA,FirstN
78,1257,20,6.809714250266552e-07,0.41059216897701845,4432.622289252352,345744.53856168344,CUDA,FirstN
78,1257,20,7.709895726293325e-07,0.41575583297526464,4377.569370405637,341450.41089163965,CUDA,FirstN
78,1257,20,9.519862942397594e-07,0.4096441060246434,4442.880962360318,346544.7150641048,CUDA,FirstN
